{
  "$schema": "./node_modules/@angular/cli/lib/config/schema.json",
  "project": {
    "name": "mmm.variant-config-prep-tool"
  },
  "apps": [
    {
      "root": "src",
      "outDir": "dist",
      "assets": [
        "assets",
        "favicon.ico"
      ],
      "index": "index.html",
      "main": "main.ts",
      "polyfills": "polyfills.ts",
      "test": "test.ts",
      "tsconfig": "tsconfig.app.json",
      "testTsconfig": "tsconfig.spec.json",
      "prefix": "app",
      "styles": [
        "../node_modules/font-awesome/scss/font-awesome.scss",
        "scss/primeng/primeng.css",
        "scss/primeng/themes/home/theme.scss",
        "../node_modules/quill/dist/quill.snow.css",
        "scss/style.scss"
      ],
      "scripts": [
        "../node_modules/jquery/dist/jquery.js",
        "../node_modules/moment/moment.js",
        "../node_modules/chart.js/dist/Chart.js",
        "../node_modules/fullcalendar/dist/fullcalendar.js",
        "../node_modules/quill/dist/quill.js",
        "../node_modules/prismjs/prism.js",
        "../node_modules/prismjs/components/prism-typescript.js"
      ],
      "environmentSource": "environments/environment.ts",
      "environments": {
        "local":"environments/environment.ts",
        "dev": "environments/environment.dev.ts",
        "qa":"environments/environment.qa.ts",
        "uat":"environments/environment.uat.ts",
        "prod": "environments/environment.prod.ts"
      }
    }
  ],
  "e2e": {
    "protractor": {
      "config": "./protractor.conf.js"
    }
  },
  "lint": [
    {
      "project": "src/tsconfig.app.json",
      "exclude": "**/node_modules/**"
    },
    {
      "project": "src/tsconfig.spec.json",
      "exclude": "**/node_modules/**"
    },
    {
      "project": "e2e/tsconfig.e2e.json",
      "exclude": "**/node_modules/**"
    }
  ],
  "test": {
    "karma": {
      "config": "./karma.conf.js"
    }
  },
  "defaults": {
    "styleExt": "scss",
    "component": {}
  }
}